table_name,load_id,rule_id,rule_name,rule_scope,rows_checked,rows_failed,fail_rate,rule_status
orders,20261001010857796_day_06,R2,duplicate_order_id,row,5000,0,0.0,PASS
orders,20261001010857796_day_10,R5,order_ts_out_of_range,row,5000,0,0.0,PASS
orders,20261001010857796_day_10,R6,column_contract,file,1,0,0.0,PASS
orders,20261001010857796_day_01,R6,column_contract,file,1,0,0.0,PASS
orders,20261001010857796_day_09,R1,null_key,row,5000,0,0.0,PASS
orders,20261001010857796_day_04,R2,duplicate_order_id,row,5000,0,0.0,PASS
orders,20261001010857796_day_13,R6,column_contract,file,1,0,0.0,PASS
orders,20261001010857796_day_02,R5,order_ts_out_of_range,row,5000,0,0.0,PASS
orders,20261001010857796_day_16,R7,row_count_vs_median,file,1,0,0.0,PASS
orders,20261001010857796_day_16,R5,order_ts_out_of_range,row,5000,90,0.018,FAIL
orders,20261001010857796_day_16,R2,duplicate_order_id,row,5000,0,0.0,PASS
orders,20261001010857796_day_14,R2,duplicate_order_id,row,5000,0,0.0,PASS
orders,20261001010857796_day_01,R5,order_ts_out_of_range,row,5000,0,0.0,PASS
orders,20261001010857796_day_14,R6,column_contract,file,1,1,1.0,FAIL
orders,20261001010857796_day_12,R5,order_ts_out_of_range,row,5000,0,0.0,PASS
orders,20261001010857796_day_12,R7,row_count_vs_median,file,1,0,0.0,PASS
orders,20261001010857796_day_07,R2,duplicate_order_id,row,5000,0,0.0,PASS
orders,20261001010857796_day_01,R3,quantity_not_numeric,row,5000,0,0.0,PASS
orders,20261001010857796_day_05,R1,null_key,row,5000,0,0.0,PASS
orders,20261001010857796_day_08,R1,null_key,row,5000,0,0.0,PASS
orders,20261001010857796_day_12,R6,column_contract,file,1,0,0.0,PASS
orders,20261001010857796_day_14,R7,row_count_vs_median,file,1,0,0.0,PASS
orders,20261001010857796_day_05,R6,column_contract,file,1,0,0.0,PASS
orders,20261001010857796_day_12,R1,null_key,row,5000,0,0.0,PASS
orders,20261001010857796_day_11,R3,quantity_not_numeric,row,5000,0,0.0,PASS
orders,20261001010857796_day_10,R4,unknown_customer,row,5000,0,0.0,PASS
orders,20261001010857796_day_16,R6,column_contract,file,1,0,0.0,PASS
orders,20261001010857796_day_13,R3,quantity_not_numeric,row,5000,0,0.0,PASS
orders,20261001010857796_day_09,R5,order_ts_out_of_range,row,5000,0,0.0,PASS
orders,20261001010857796_day_09,R2,duplicate_order_id,row,5000,0,0.0,PASS
orders,20261001010857796_day_07,R5,order_ts_out_of_range,row,5000,0,0.0,PASS
orders,20261001010857796_day_04,R4,unknown_customer,row,5000,0,0.0,PASS
orders,20261001010857796_day_02,R7,row_count_vs_median,file,1,0,0.0,PASS
orders,20261001010857796_day_10,R7,row_count_vs_median,file,1,0,0.0,PASS
orders,20261001010857796_day_11,R2,duplicate_order_id,row,5000,0,0.0,PASS
orders,20261001010857796_day_15,R7,row_count_vs_median,file,1,1,1.0,FAIL
orders,20261001010857796_day_03,R3,quantity_not_numeric,row,5000,0,0.0,PASS
orders,20261001010857796_day_09,R7,row_count_vs_median,file,1,0,0.0,PASS
orders,20261001010857796_day_02,R3,quantity_not_numeric,row,5000,0,0.0,PASS
orders,20261001010857796_day_13,R1,null_key,row,5000,0,0.0,PASS
orders,20261001010857796_day_03,R7,row_count_vs_median,file,1,0,0.0,PASS
orders,20261001010857796_day_03,R1,null_key,row,5000,0,0.0,PASS
orders,20261001010857796_day_03,R5,order_ts_out_of_range,row,5000,0,0.0,PASS
orders,20261001010857796_day_15,R2,duplicate_order_id,row,0,0,,PASS
orders,20261001010857796_day_05,R3,quantity_not_numeric,row,5000,0,0.0,PASS
orders,20261001010857796_day_12,R4,unknown_customer,row,5000,0,0.0,PASS
orders,20261001010857796_day_02,R6,column_contract,file,1,0,0.0,PASS
orders,20261001010857796_day_05,R4,unknown_customer,row,5000,0,0.0,PASS
orders,20261001010857796_day_10,R3,quantity_not_numeric,row,5000,0,0.0,PASS
orders,20261001010857796_day_05,R2,duplicate_order_id,row,5000,0,0.0,PASS
orders,20261001010857796_day_08,R2,duplicate_order_id,row,5000,0,0.0,PASS
orders,20261001010857796_day_12,R2,duplicate_order_id,row,5000,0,0.0,PASS
orders,20261001010857796_day_06,R7,row_count_vs_median,file,1,0,0.0,PASS
orders,20261001010857796_day_10,R1,null_key,row,5000,0,0.0,PASS
orders,20261001010857796_day_02,R2,duplicate_order_id,row,5000,0,0.0,PASS
orders,20261001010857796_day_11,R4,unknown_customer,row,5000,0,0.0,PASS
orders,20261001010857796_day_14,R5,order_ts_out_of_range,row,5000,0,0.0,PASS
orders,20261001010857796_day_16,R4,unknown_customer,row,5000,220,0.044,FAIL
orders,20261001010857796_day_15,R3,quantity_not_numeric,row,0,0,,PASS
orders,20261001010857796_day_10,R2,duplicate_order_id,row,5000,0,0.0,PASS
orders,20261001010857796_day_14,R4,unknown_customer,row,5000,0,0.0,PASS
orders,20261001010857796_day_07,R4,unknown_customer,row,5000,0,0.0,PASS
orders,20261001010857796_day_01,R2,duplicate_order_id,row,5000,0,0.0,PASS
orders,20261001010857796_day_15,R4,unknown_customer,row,0,0,,PASS
orders,20261001010857796_day_04,R1,null_key,row,5000,0,0.0,PASS
orders,20261001010857796_day_13,R7,row_count_vs_median,file,1,0,0.0,PASS
orders,20261001010857796_day_15,R1,null_key,row,0,0,,PASS
orders,20261001010857796_day_11,R5,order_ts_out_of_range,row,5000,0,0.0,PASS
orders,20261001010857796_day_15,R5,order_ts_out_of_range,row,0,0,,PASS
orders,20261001010857796_day_01,R7,row_count_vs_median,file,1,0,0.0,PASS
orders,20261001010857796_day_01,R4,unknown_customer,row,5000,0,0.0,PASS
orders,20261001010857796_day_15,R6,column_contract,file,1,0,0.0,PASS
orders,20261001010857796_day_13,R4,unknown_customer,row,5000,0,0.0,PASS
orders,20261001010857796_day_01,R1,null_key,row,5000,0,0.0,PASS
orders,20261001010857796_day_09,R4,unknown_customer,row,5000,0,0.0,PASS
orders,20261001010857796_day_11,R1,null_key,row,5000,0,0.0,PASS
orders,20261001010857796_day_07,R7,row_count_vs_median,file,1,0,0.0,PASS
orders,20261001010857796_day_02,R1,null_key,row,5000,0,0.0,PASS
orders,20261001010857796_day_04,R3,quantity_not_numeric,row,5000,0,0.0,PASS
orders,20261001010857796_day_06,R5,order_ts_out_of_range,row,5000,0,0.0,PASS
orders,20261001010857796_day_16,R3,quantity_not_numeric,row,5000,0,0.0,PASS
orders,20261001010857796_day_02,R4,unknown_customer,row,5000,0,0.0,PASS
orders,20261001010857796_day_04,R5,order_ts_out_of_range,row,5000,0,0.0,PASS
orders,20261001010857796_day_08,R3,quantity_not_numeric,row,5000,0,0.0,PASS
orders,20261001010857796_day_13,R5,order_ts_out_of_range,row,5000,0,0.0,PASS
orders,20261001010857796_day_14,R3,quantity_not_numeric,row,5000,0,0.0,PASS
orders,20261001010857796_day_08,R5,order_ts_out_of_range,row,5000,0,0.0,PASS
orders,20261001010857796_day_03,R6,column_contract,file,1,0,0.0,PASS
orders,20261001010857796_day_05,R7,row_count_vs_median,file,1,0,0.0,PASS
orders,20261001010857796_day_12,R3,quantity_not_numeric,row,5000,40,0.008,FAIL
orders,20261001010857796_day_03,R4,unknown_customer,row,5000,0,0.0,PASS
orders,20261001010857796_day_07,R6,column_contract,file,1,0,0.0,PASS
orders,20261001010857796_day_05,R5,order_ts_out_of_range,row,5000,0,0.0,PASS
orders,20261001010857796_day_03,R2,duplicate_order_id,row,5000,0,0.0,PASS
orders,20261001010857796_day_06,R6,column_contract,file,1,0,0.0,PASS
orders,20261001010857796_day_08,R7,row_count_vs_median,file,1,0,0.0,PASS
orders,20261001010857796_day_07,R1,null_key,row,5000,0,0.0,PASS
orders,20261001010857796_day_06,R1,null_key,row,5000,0,0.0,PASS
orders,20261001010857796_day_06,R3,quantity_not_numeric,row,5000,0,0.0,PASS
orders,20261001010857796_day_06,R4,unknown_customer,row,5000,0,0.0,PASS
orders,20261001010857796_day_04,R6,column_contract,file,1,0,0.0,PASS
orders,20261001010857796_day_08,R6,column_contract,file,1,0,0.0,PASS
orders,20261001010857796_day_16,R1,null_key,row,5000,0,0.0,PASS
orders,20261001010857796_day_11,R7,row_count_vs_median,file,1,0,0.0,PASS
orders,20261001010857796_day_08,R4,unknown_customer,row,5000,0,0.0,PASS
orders,20261001010857796_day_09,R6,column_contract,file,1,0,0.0,PASS
orders,20261001010857796_day_14,R1,null_key,row,5000,0,0.0,PASS
orders,20261001010857796_day_13,R2,duplicate_order_id,row,5000,150,0.03,FAIL
orders,20261001010857796_day_04,R7,row_count_vs_median,file,1,0,0.0,PASS
orders,20261001010857796_day_09,R3,quantity_not_numeric,row,5000,0,0.0,PASS
orders,20261001010857796_day_11,R6,column_contract,file,1,0,0.0,PASS
orders,20261001010857796_day_07,R3,quantity_not_numeric,row,5000,0,0.0,PASS
customers,20261001010857796_cust_day_05,R1,null_key,row,300,0,0.0,PASS
customers,20261001010857796_cust_day_02,R7,row_count_vs_median,file,1,0,0.0,PASS
customers,20261001010857796_cust_day_10,R1,null_key,row,300,0,0.0,PASS
customers,20261001010857796_cust_day_08,R7,row_count_vs_median,file,1,0,0.0,PASS
customers,20261001010857796_cust_day_04,R1,null_key,row,300,0,0.0,PASS
customers,20261001010857796_cust_day_07,R7,row_count_vs_median,file,1,0,0.0,PASS
customers,20261001010857796_cust_day_01,R1,null_key,row,300,0,0.0,PASS
customers,20261001010857796_cust_day_03,R7,row_count_vs_median,file,1,0,0.0,PASS
customers,20261001010857796_cust_day_09,R1,null_key,row,300,0,0.0,PASS
customers,20261001010857796_cust_day_06,R7,row_count_vs_median,file,1,0,0.0,PASS
customers,20261001010857796_cust_day_05,R7,row_count_vs_median,file,1,0,0.0,PASS
customers,20261001010857796_cust_day_02,R1,null_key,row,300,0,0.0,PASS
customers,20261001010857796_cust_day_10,R7,row_count_vs_median,file,1,0,0.0,PASS
customers,20261001010857796_cust_day_08,R1,null_key,row,300,0,0.0,PASS
customers,20261001010857796_cust_day_04,R7,row_count_vs_median,file,1,0,0.0,PASS
customers,20261001010857796_cust_day_07,R1,null_key,row,300,0,0.0,PASS
customers,20261001010857796_cust_day_01,R7,row_count_vs_median,file,1,0,0.0,PASS
customers,20261001010857796_cust_day_03,R1,null_key,row,300,0,0.0,PASS
customers,20261001010857796_cust_day_09,R7,row_count_vs_median,file,1,0,0.0,PASS
customers,20261001010857796_cust_day_06,R1,null_key,row,300,0,0.0,PASS
